city_name,country,region,average_salary,average_rent,tax_rate,cost_of_living_index,purchasing_power_index,quality_of_life_index,job_market_score,net_salary,purchasing_power,annual_savings,relocation_score,lat,lon
Hamilton,Bermuda,Other,52107,3094,45.0,149.02,79.43,69.7,45.4,28658.85,192.3154610119447,8597.655,63.6,32.2941667,-64.7838889
Zurich,Switzerland,Europe,131185,2230,41.5,131.24,129.79,101.3,74.8,76743.22499999999,584.7548384638828,23022.967499999995,94.66,47.366667,8.55
Basel,Switzerland,Europe,131185,1590,41.5,130.93,111.53,90.3,64.1,76743.22499999999,586.1393492706026,23022.967499999995,83.76,47.558395,7.573271000000001
Zug,Switzerland,Europe,131185,2322,41.5,128.13,143.4,109.4,82.7,76743.22499999999,598.948138609225,23022.967499999995,102.75,47.172421,8.517445
Lugano,Switzerland,Europe,131185,1449,41.5,123.99,111.96,90.6,64.4,76743.22499999999,618.9468908782966,23022.967499999995,84.04,46.006182,8.951141999999999
Lausanne,Switzerland,Europe,131185,1918,41.5,122.03,127.01,99.6,73.2,76743.22499999999,628.888183233631,23022.967499999995,93.0,46.533333,6.666667
Beirut,Lebanon,Other,44620,894,45.0,120.47,15.4,31.2,8.0,24541.000000000004,203.7104673362664,7362.300000000001,25.42,33.8719444,35.5097222
Bern,Switzerland,Europe,131185,1485,41.5,118.16,112.46,90.9,64.7,76743.22499999999,649.485655044008,23022.967499999995,84.34,46.916667,7.466667
Geneva,Switzerland,Europe,131185,2417,41.5,114.05,120.6,95.8,69.4,76743.22499999999,672.8910565541429,23022.967499999995,89.18,46.195602,6.148113
Stavanger,Norway,Europe,81829,1139,39.4,104.61,85.9,75.8,49.2,49588.37400000001,474.0309148264985,14876.512200000005,69.14,58.966667,5.75
"Honolulu, HI",United States,Americas,52107,2095,43.6,103.65,89.24,76.1,51.1,29388.348,283.5344717800289,8816.5044,69.85,,
Oslo,Norway,Europe,81829,1494,39.4,102.33,85.18,75.3,48.8,49588.37400000001,484.5927294048667,14876.512200000005,68.7,59.916667,10.75
Bergen,Norway,Europe,81829,1122,39.4,100.38,86.96,76.4,49.8,49588.37400000001,494.0065152420802,14876.512200000005,69.76,60.391111,5.324722
"New York, NY",United States,Americas,52107,3220,43.6,100.0,100.0,82.6,57.4,29388.348,293.88348,8816.5044,76.28,,
Trondheim,Norway,Europe,81829,1215,39.4,99.43,88.0,77.0,50.4,49588.37400000001,498.7264809413659,14876.512200000005,70.37,63.416667,10.416667
Tromso,Norway,Europe,81829,1198,39.4,98.99,89.46,77.9,51.3,49588.37400000001,500.94326699666647,14876.512200000005,71.26,,
Reykjavik,Iceland,Other,108978,1490,45.0,97.61,74.84,66.9,42.7,59937.9,614.0549124065158,17981.37,60.85,,
Saint Helier,Jersey,Other,52107,2100,45.0,96.54,80.43,70.3,46.0,28658.85,296.85985083903046,8597.655,64.2,,
"Santa Barbara, CA",United States,Americas,52107,2525,43.6,95.01,93.86,78.9,53.8,29388.348,309.31847173981686,8816.5044,72.61,,
Tel Aviv-Yafo,Israel,Middle East,129893,1714,50.0,94.49,70.22,62.1,40.0,64946.5,687.3372843687163,19483.95,56.59,32.067778000000004,34.764722
"Berkeley, CA",United States,Americas,52107,2841,43.6,94.36,85.78,74.0,49.1,29388.348,311.44921576939385,8816.5044,67.79,,
"San Francisco, CA",United States,Americas,52107,3491,43.6,93.91,133.16,102.5,76.8,29388.348,312.94162496006817,8816.5044,96.05,,
"Oakland, CA",United States,Americas,52107,2827,43.6,92.93,111.73,89.6,64.3,29388.348,316.2417733778112,8816.5044,83.27,,
"Anchorage, AK",United States,Americas,52107,1265,43.6,91.23,118.63,93.7,68.3,29388.348,322.1346925353502,8816.5044,87.37,,
"Santa Clara, CA",United States,Americas,52107,2911,43.6,89.41,155.41,115.8,89.7,29388.348,328.6919583939157,8816.5044,109.28,,
Petah Tikva,Israel,Middle East,129893,1052,50.0,88.86,72.86,63.7,41.6,64946.5,730.8856628404232,19483.95,58.18,,
Beersheba,Israel,Middle East,129893,744,50.0,88.77,80.11,68.1,45.8,64946.5,731.6266756787203,19483.95,62.51,31.251641,34.786281
"Seattle, WA",United States,Americas,52107,2120,43.6,88.52,145.39,109.8,83.9,29388.348,331.9967013104384,8816.5044,103.32,,
Copenhagen,Denmark,Europe,92715,1591,55.9,88.34,90.67,72.0,52.0,40887.315,462.84033280507134,12266.1945,67.02,55.666667,12.583333
Arhus,Denmark,Europe,92715,1176,55.9,88.18,95.49,74.9,54.8,40887.315,463.6801428895441,12266.1945,69.89,,
Haifa,Israel,Middle East,129893,784,50.0,87.44,77.61,66.6,44.3,64946.5,742.755032021958,19483.95,61.01,32.815556,34.989167
Jerusalem,Israel,Middle East,129893,1300,50.0,86.32,79.55,67.7,45.5,64946.5,752.3922613531048,19483.95,62.16,31.78,35.23
Nassau,Bahamas,Other,52107,1171,45.0,85.98,46.7,50.0,26.3,28658.85,333.3199581297976,8597.655,44.09,,
London,United Kingdom,Europe,52107,2464,45.0,85.62,88.79,75.3,50.9,28658.85,334.72144358794674,8597.655,69.19,51.514125,-0.093689
Tokyo,Japan,Asia,57206,1375,55.9,85.61,88.58,70.8,50.7,25227.846000000005,294.6834014717907,7568.353800000001,65.77,35.685,139.751389
"Boston, MA",United States,Americas,52107,2520,43.6,85.47,115.72,92.0,66.6,29388.348,343.8440154440155,8816.5044,85.65,,
Nice,France,Europe,58703,1162,55.4,84.6,64.22,56.4,36.5,26181.538000000004,309.4744444444445,7854.461400000001,51.41,43.713644,7.259519999999999
Paris,France,Europe,58703,1571,55.4,84.35,80.2,66.0,45.9,26181.538000000004,310.39167753408424,7854.461400000001,60.95,48.866667,2.333333
"Queens, NY",United States,Americas,52107,2233,43.6,84.02,105.72,86.0,60.7,29388.348,349.7780052368484,8816.5044,79.67,,
Singapore,Singapore,Asia,93422,2139,45.0,83.98,91.34,76.8,52.4,51382.100000000006,611.8373422243392,15414.63,70.7,1.2930556,103.8558333
"Washington, DC",United States,Americas,52107,2366,43.6,83.74,121.83,95.7,70.2,29388.348,350.9475519465011,8816.5044,89.3,,
Sydney,Australia,Oceania,89713,1869,47.0,83.21,104.52,83.9,60.0,47547.89,571.4203821656051,14264.367,77.93,-33.861481,151.205475
Luxembourg,Luxembourg,Europe,93392,2042,45.8,82.99,100.19,81.8,57.5,50618.464,609.9344981323052,15185.5392,75.72,49.6116667,6.13
Espoo,Finland,Europe,69377,1158,51.3,82.46,90.3,73.7,51.8,33786.599,409.7331918505943,10135.9797,68.21,60.216667,24.666667
Aalborg,Denmark,Europe,92715,749,55.9,82.43,100.93,78.2,58.0,40887.315,496.0246876137329,12266.1945,73.15,57.035498,9.941163
"Pittsburgh, PA",United States,Americas,52107,1260,43.6,82.36,115.5,91.9,66.5,29388.348,356.82792617775624,8816.5044,85.53,,
Darwin,Australia,Oceania,89713,1128,47.0,82.06,109.44,86.9,62.9,47547.89,579.4283451133317,14264.367,80.88,-12.45722,130.836639
Amsterdam,Netherlands,Europe,74713,1797,49.5,80.82,94.45,76.9,54.2,37730.065,466.8406953724327,11319.0195,71.21,52.35,4.916667
"Jersey City, NJ",United States,Americas,52107,2029,43.6,80.79,155.89,116.1,90.0,29388.348,363.7621982918678,8816.5044,109.57,,
Hong Kong,Hong Kong,Asia,52107,2401,45.0,80.71,65.74,61.4,37.4,28658.85,355.0842522611821,8597.655,55.42,,
Breda,Netherlands,Europe,74713,1041,49.5,80.64,84.3,70.8,48.2,37730.065,467.88275049603175,11319.0195,65.14,51.566667,4.8
"Nanaimo, BC",Canada,Americas,83902,1097,53.5,80.26,57.49,53.1,32.6,39014.43,486.10054821829056,11704.329,47.97,,
Auckland,New Zealand,Oceania,74813,1465,39.0,80.19,79.21,71.9,45.3,45635.93,569.0975183938148,13690.779,65.26,-36.866667,174.76666699999998
Haarlem,Netherlands,Europe,74713,1700,49.5,79.79,77.06,66.4,44.0,37730.065,472.86708860759495,11319.0195,60.82,52.366667,4.65
Utrecht,Netherlands,Europe,74713,1436,49.5,79.76,77.9,66.9,44.5,37730.065,473.0449473420261,11319.0195,61.32,52.093813,5.119095
Brighton,United Kingdom,Europe,52107,1656,45.0,79.57,74.78,66.9,42.7,28658.85,360.171547065477,8597.655,60.83,50.833333,-0.15
Brisbane,Australia,Oceania,89713,1209,47.0,79.44,103.8,83.5,59.6,47547.89,598.5383937562941,14264.367,77.51,-27.47101,153.024292
"Philadelphia, PA",United States,Americas,52107,1596,43.6,79.19,115.61,91.9,66.5,29388.348,371.11185755777245,8816.5044,85.56,,
"Los Angeles, CA",United States,Americas,52107,2398,43.6,79.19,126.12,98.2,72.7,29388.348,371.11185755777245,8816.5044,91.84,,
"Minneapolis, MN",United States,Americas,52107,1515,43.6,79.08,114.68,91.4,66.0,29388.348,371.6280728376328,8816.5044,85.03,,
Turku,Finland,Europe,69377,761,51.3,79.06,96.82,77.6,55.6,33786.599,427.3538957753605,10135.9797,72.09,60.45,22.283333
Dublin,Ireland,Europe,106734,2009,48.0,79.05,81.82,69.9,46.8,55501.68,702.1085388994308,16650.504,64.12,53.3330556,-6.2488889
Stockholm,Sweden,Europe,66010,1416,52.2,78.92,95.42,76.4,54.7,31552.78,399.8071464774455,9465.834,70.96,61.883056,13.75
"Birmingham, AL",United States,Americas,52107,908,43.6,78.82,84.93,73.5,48.6,29388.348,372.8539456990612,8816.5044,67.28,,
Seoul,South Korea,Asia,37187,1091,49.5,78.66,74.5,64.9,42.5,18779.435,238.7418637172642,5633.8305,59.3,37.5985,126.9783
Eindhoven,Netherlands,Europe,74713,1215,49.5,78.24,86.92,72.4,49.8,37730.065,482.23498210633954,11319.0195,66.73,51.45,5.466667
Odense,Denmark,Europe,92715,913,55.9,78.23,94.79,74.5,54.4,40887.315,522.6551834334655,12266.1945,69.48,55.393475,10.394935
"Miami, FL",United States,Americas,52107,2092,43.6,78.0,93.71,78.8,53.7,29388.348,376.77369230769233,8816.5044,72.52,,
Groningen,Netherlands,Europe,74713,900,49.5,77.94,78.31,67.2,44.8,37730.065,484.09115986656406,11319.0195,61.59,53.216667,6.55
"Sacramento, CA",United States,Americas,52107,1628,43.6,77.88,101.43,83.4,58.2,29388.348,377.35423728813566,8816.5044,77.11,,
Nijmegen,Netherlands,Europe,74713,1008,49.5,77.8,86.52,72.1,49.5,37730.065,484.9622750642674,11319.0195,66.46,51.833333,5.866667
Munich,Germany,Europe,77916,1524,47.5,77.52,95.16,78.1,54.6,40905.9,527.6818885448916,12271.77,72.22,48.15,11.5833
Galway,Ireland,Europe,106734,1282,48.0,77.44,71.94,64.0,41.0,55501.68,716.7055785123968,16650.504,58.23,53.2719444,-9.0488889
"St. John's, Newfoundland and Labrador",Canada,Americas,83902,695,53.5,77.4,62.75,56.2,35.7,39014.43,504.0624031007752,11704.329,51.1,,
Innsbruck,Austria,Europe,74713,971,55.0,77.32,68.01,58.8,38.7,33620.85,434.8273409208484,10086.255,53.78,47.266667,11.4
Perth,Australia,Oceania,89713,1065,47.0,77.29,110.04,87.2,63.3,47547.89,615.1881226549359,14264.367,81.24,-41.57151,147.171295
"Charleston, SC",United States,Americas,52107,1565,43.6,77.26,121.26,95.3,69.8,29388.348,380.38244887393216,8816.5044,88.93,,
"Asheville, NC",United States,Americas,52107,1461,43.6,77.25,94.16,79.1,54.0,29388.348,380.4316893203884,8816.5044,72.8,,
Lyon,France,Europe,58703,1013,55.4,77.21,82.65,67.4,47.3,26181.538000000004,339.09516901955715,7854.461400000001,62.39,45.748457,4.846711
Leiden,Netherlands,Europe,74713,1201,49.5,77.2,77.18,66.5,44.1,37730.065,488.73141191709846,11319.0195,60.9,52.176281,4.528154
Helsinki,Finland,Europe,69377,1234,51.3,77.17,83.51,69.6,47.8,33786.599,437.8203835687443,10135.9797,64.14,60.17555600000001,24.934167
"Chicago, IL",United States,Americas,52107,1843,43.6,77.06,135.26,103.7,78.0,29388.348,381.369685958993,8816.5044,97.28,,
"Fort Lauderdale, FL",United States,Americas,52107,1821,43.6,76.86,101.32,83.4,58.2,29388.348,382.36206088992975,8816.5044,77.08,,
"Portland, OR",United States,Americas,52107,1704,43.6,76.83,108.09,87.4,62.1,29388.348,382.5113627489262,8816.5044,81.08,,
Melbourne,Australia,Oceania,89713,1245,47.0,76.76,102.16,82.5,58.7,47547.89,619.4357738405419,14264.367,76.55,-37.813938,144.963425
Osaka,Japan,Asia,57206,938,55.9,76.71,81.58,66.6,46.7,25227.846000000005,328.8729761439187,7568.353800000001,61.62,35.95,137.26666699999998
Wellington,New Zealand,Oceania,74813,1463,39.0,76.66,85.49,75.7,48.9,45635.93,595.3030263501174,13690.779,69.0,-41.3,174.783333
Victoria,Canada,Americas,83902,1446,53.5,76.65,89.12,72.1,51.1,39014.43,508.9945205479452,11704.329,66.84,48.433333000000005,-123.35
Vancouver,Canada,Americas,83902,1818,53.5,76.61,87.68,71.2,50.2,39014.43,509.2602793369012,11704.329,65.95,49.25,-123.133333
"Atlanta, GA",United States,Americas,52107,1564,43.6,76.6,130.67,101.0,75.3,29388.348,383.65989556135776,8816.5044,94.56,,
Adelaide,Australia,Oceania,89713,1056,47.0,76.59,104.24,83.7,59.9,47547.89,620.8106802454628,14264.367,77.77,-34.928661,138.598633
Lund,Sweden,Europe,66010,915,52.2,76.58,104.91,82.1,60.3,31552.78,412.0237659963437,9465.834,76.63,60.516667000000005,16.7
Toulouse,France,Europe,58703,797,55.4,76.57,90.06,71.9,51.6,26181.538000000004,341.92945017630933,7854.461400000001,66.81,46.822239,5.586825
Guelph,Canada,Americas,83902,1228,53.5,76.36,79.64,66.4,45.5,39014.43,510.9275798847564,11704.329,61.17,43.55,-80.25
Rotterdam,Netherlands,Europe,74713,1344,49.5,76.24,91.36,75.0,52.4,37730.065,494.885427597062,11319.0195,69.36,51.916667,4.5
"Saint Paul, MN",United States,Americas,52107,1416,43.6,76.17,106.63,86.5,61.3,29388.348,385.82575817250887,8816.5044,80.22,,
Cork,Ireland,Europe,106734,1373,48.0,76.15,84.45,71.5,48.3,55501.68,728.8467498358502,16650.504,65.69,51.8986111,-8.495833300000001
Guildford,United Kingdom,Europe,52107,1582,45.0,76.02,78.75,69.2,45.0,28658.85,376.99092344119975,8597.655,63.17,51.216667,-0.566667
"Plano, TX",United States,Americas,52107,1557,43.6,75.94,105.41,85.8,60.6,29388.348,386.9943112983935,8816.5044,79.5,,
Canberra,Australia,Oceania,89713,1368,47.0,75.94,105.11,84.3,60.4,47547.89,626.1244403476429,14264.367,78.31,-35.27603,149.13435
"Tampa, FL",United States,Americas,52107,1493,43.6,75.83,98.28,81.5,56.4,29388.348,387.55569036001583,8816.5044,75.24,,
Gold Coast,Australia,Oceania,89713,1286,47.0,75.8,101.22,81.9,58.1,47547.89,627.2808707124011,14264.367,75.97,-28.000290000000003,153.430878
Oxford,United Kingdom,Europe,52107,1583,45.0,75.68,104.03,84.4,59.8,28658.85,378.6845930232558,8597.655,78.26,51.75,-1.25
Nagoya,Japan,Asia,57206,1855,55.9,75.62,57.39,52.1,32.5,25227.846000000005,333.6134091510183,7568.353800000001,47.19,35.180198,136.906739
Lincoln,United Kingdom,Europe,52107,716,45.0,75.6,88.99,75.4,51.0,28658.85,379.0853174603175,8597.655,69.3,53.233333,-0.533333
York,United Kingdom,Europe,52107,1097,45.0,75.52,73.46,66.1,41.9,28658.85,379.4868908898305,8597.655,60.04,54.0,-1.5
"San Diego, CA",United States,Americas,52107,2214,43.6,75.47,127.94,99.3,73.7,29388.348,389.4043725983835,8816.5044,92.91,,
"Cleveland, OH",United States,Americas,52107,1136,43.6,75.41,125.32,97.8,72.2,29388.348,389.7142023604297,8816.5044,91.38,,
"Omaha, NE",United States,Americas,52107,973,43.6,75.31,106.03,86.2,60.9,29388.348,390.23168237949807,8816.5044,79.86,,
Leuven,Belgium,Europe,69377,921,52.9,75.27,83.59,69.0,47.8,32676.567,434.1247110402551,9802.9701,63.7,50.883333,4.7
Reading,United Kingdom,Europe,52107,1343,45.0,75.27,100.89,82.5,57.9,28658.85,380.7473096851336,8597.655,76.37,51.433333000000005,-1.0
Hamilton,New Zealand,Oceania,74813,999,39.0,75.24,123.18,98.3,70.9,45635.93,606.5381446039341,13690.779,91.45,-37.783333,175.283333
"Denver, CO",United States,Americas,52107,1783,43.6,75.16,129.98,100.5,74.9,29388.348,391.0104843001597,8816.5044,94.12,,
Uppsala,Sweden,Europe,66010,895,52.2,75.08,83.94,69.5,48.0,31552.78,420.2554608417688,9465.834,64.12,56.55,13.483332999999998
Newcastle,Australia,Oceania,89713,1212,47.0,74.99,118.92,92.6,68.5,47547.89,634.0564075210028,14264.367,86.55,-32.927792,151.78448500000002
Halifax,Canada,Americas,83902,1096,53.5,74.91,87.92,71.4,50.4,39014.43,520.8173808570284,11704.329,66.13,44.65,-63.6
Milan,Italy,Europe,44828,1436,47.2,74.8,53.96,53.5,30.5,23669.184,316.4329411764706,7100.7552000000005,47.75,45.466667,9.2
Sliema,Malta,Other,65775,1016,45.0,74.78,47.96,50.8,27.0,36176.25,483.7690558972988,10852.875,44.84,,
Graz,Austria,Europe,74713,726,55.0,74.59,79.03,65.4,45.2,33620.85,450.7420565759485,10086.255,60.36,47.066667,15.45
Brussels,Belgium,Europe,69377,1074,52.9,74.39,87.04,71.1,49.8,32676.567,439.2602097056056,9802.9701,65.76,50.833333,4.3333330000000005
"Buffalo, NY",United States,Americas,52107,952,43.6,74.29,124.36,97.2,71.6,29388.348,395.58955444878177,8816.5044,90.79,,
Toronto,Canada,Americas,83902,1667,53.5,74.29,101.29,79.4,58.2,39014.43,525.1639520796876,11704.329,74.09,43.666667,-79.416667
"Colorado Springs, CO",United States,Americas,52107,1337,43.6,74.26,137.64,105.1,79.4,29388.348,395.7493670886076,8816.5044,98.7,,
"Fremont, CA",United States,Americas,52107,2413,43.6,74.12,157.35,117.0,90.9,29388.348,396.4968699406368,8816.5044,110.46,,
Limerick,Ireland,Europe,106734,1296,48.0,74.11,96.5,78.7,55.4,55501.68,748.9094589124275,16650.504,72.88,52.66472220000001,-8.623055599999999
"Salem, OR",United States,Americas,52107,1153,43.6,73.98,89.2,76.1,51.1,29388.348,397.2472019464721,8816.5044,69.84,,
The Hague (Den Haag),Netherlands,Europe,74713,1329,49.5,73.94,88.51,73.3,50.7,37730.065,510.2794833648905,11319.0195,67.65,,
Hobart,Australia,Oceania,89713,1206,47.0,73.93,101.63,82.2,58.4,47547.89,643.1474367645069,14264.367,76.24,-42.883209,147.331665
Christchurch,New Zealand,Oceania,74813,1049,39.0,73.85,90.2,78.5,51.7,45635.93,617.9543669600542,13690.779,71.81,-43.533333,172.633333
Malmo,Sweden,Europe,66010,859,52.2,73.75,84.86,70.0,48.6,31552.78,427.8343050847457,9465.834,64.67,,
"San Jose, CA",United States,Americas,52107,2650,43.6,73.71,157.39,117.0,90.9,29388.348,398.70231990232,8816.5044,110.47,,
"Nashville, TN",United States,Americas,52107,1723,43.6,73.62,111.46,89.4,64.1,29388.348,399.1897310513447,8816.5044,83.09,,
Enschede,Netherlands,Europe,74713,923,49.5,73.61,93.83,76.5,53.8,37730.065,512.5671104469502,11319.0195,70.82,52.219515,6.891235000000001
"Olympia, WA",United States,Americas,52107,1221,43.6,73.58,108.83,87.9,62.6,29388.348,399.406740962218,8816.5044,81.55,,
Maastricht,Netherlands,Europe,74713,1180,49.5,73.56,86.5,72.1,49.5,37730.065,512.9155111473627,11319.0195,66.45,50.85,5.683333
"Baltimore, MD",United States,Americas,52107,1342,43.6,73.56,136.13,104.2,78.5,29388.348,399.51533442088095,8816.5044,97.79,,
"New Orleans, LA",United States,Americas,52107,1399,43.6,73.55,92.88,78.3,53.3,29388.348,399.56965329707685,8816.5044,72.04,,
Linz,Austria,Europe,74713,853,55.0,73.55,78.35,65.0,44.8,33620.85,457.1155676410605,10086.255,59.95,48.3,14.3
Calgary,Canada,Americas,83902,1097,53.5,73.4,114.16,87.1,65.7,39014.43,531.5317438692098,11704.329,81.75,51.083333,-114.083333
Edinburgh,United Kingdom,Europe,52107,1204,45.0,73.15,88.03,74.8,50.4,28658.85,391.781954887218,8597.655,68.71,55.95,-3.2
Ottawa,Canada,Americas,83902,1283,53.5,73.15,94.3,75.2,54.1,39014.43,533.3483253588516,11704.329,69.91,45.416667,-75.7
Milton Keynes,United Kingdom,Europe,52107,1212,45.0,73.14,73.92,66.4,42.2,28658.85,391.8355209187859,8597.655,60.33,52.033333,-0.7
Manchester,United Kingdom,Europe,52107,1125,45.0,73.14,91.33,76.8,52.4,28658.85,391.8355209187859,8597.655,70.7,53.5,-2.216667
Mississauga,Canada,Americas,83902,1538,53.5,73.12,99.7,78.4,57.2,39014.43,533.5671498905908,11704.329,73.11,43.15,-79.5
Cambridge,United Kingdom,Europe,52107,1486,45.0,73.05,92.85,77.7,53.2,28658.85,392.31827515400414,8597.655,71.58,52.2,0.116667
Gothenburg,Sweden,Europe,66010,1009,52.2,72.97,101.17,79.8,58.1,31552.78,432.40756475263805,9465.834,74.39,57.716667,11.966667
Edmonton,Canada,Americas,83902,935,53.5,72.86,109.54,84.3,63.0,39014.43,535.4711776008784,11704.329,78.99,53.55,-113.5
Parma,Italy,Europe,44828,699,47.2,72.81,60.66,57.5,34.5,23669.184,325.08149979398434,7100.7552000000005,51.76,44.8,10.333333
Genoa,Italy,Europe,44828,635,47.2,72.79,51.57,52.1,29.1,23669.184,325.1708201676054,7100.7552000000005,46.33,44.416667,8.95
Frankfurt,Germany,Europe,77916,1261,47.5,72.78,106.89,85.1,61.4,40905.9,562.0486397361913,12271.77,79.19,49.683333000000005,10.533333
"Fort Collins, CO",United States,Americas,52107,1387,43.6,72.75,100.34,82.8,57.6,29388.348,403.96354639175263,8816.5044,76.48,,
Grenoble,France,Europe,58703,689,55.4,72.67,81.58,66.8,46.7,26181.538000000004,360.2798678959681,7854.461400000001,61.77,45.171546,5.722387
Bergamo,Italy,Europe,44828,749,47.2,72.64,63.32,59.1,36.0,23669.184,325.8422907488987,7100.7552000000005,53.33,45.683333000000005,9.716667
Derby,United Kingdom,Europe,52107,698,45.0,72.57,119.81,93.9,69.0,28658.85,394.913187267466,8597.655,87.67,52.933333,-1.5
"Iowa City, IA",United States,Americas,52107,1020,43.6,72.54,85.03,73.6,48.7,29388.348,405.1330024813896,8816.5044,67.36,,
Delft,Netherlands,Europe,74713,980,49.5,72.54,91.65,75.2,52.5,37730.065,520.1277226357871,11319.0195,69.52,52.018601,4.378153
"Syracuse, NY",United States,Americas,52107,1008,43.6,72.53,78.44,69.6,44.8,29388.348,405.1888597821591,8816.5044,63.41,,
"Everett, WA",United States,Americas,52107,1454,43.6,72.38,101.79,83.6,58.5,29388.348,406.02857142857147,8816.5044,77.34,,
Saskatoon,Canada,Americas,83902,901,53.5,72.27,88.18,71.5,50.5,39014.43,539.8426733084268,11704.329,66.25,52.133333,-106.666667
Heidelberg,Germany,Europe,77916,1060,47.5,72.14,102.21,82.3,58.7,40905.9,567.0349320765179,12271.77,76.41,49.416667,8.7
Markham,Canada,Americas,83902,1473,53.5,72.1,108.69,83.8,62.5,39014.43,541.1155339805825,11704.329,78.48,43.866667,-79.266667
Hamburg,Germany,Europe,77916,1183,47.5,72.01,101.1,81.7,58.1,40905.9,568.0586029718095,12271.77,75.78,53.55,10.0
Red Deer,Canada,Americas,83902,723,53.5,71.73,123.94,93.0,71.4,39014.43,543.9067335842743,11704.329,87.58,52.266667,-113.8
Surrey,Canada,Americas,83902,1315,53.5,71.67,98.13,77.5,56.3,39014.43,544.3620761825031,11704.329,72.19,49.136353351,-122.821343315
Trieste,Italy,Europe,44828,582,47.2,71.65,63.01,58.9,35.8,23669.184,330.34450802512214,7100.7552000000005,53.14,45.648611,13.78
"Rochester, NY",United States,Americas,52107,938,43.6,71.57,100.12,82.6,57.5,29388.348,410.62383680312985,8816.5044,76.34,,
"Milwaukee, WI",United States,Americas,52107,1280,43.6,71.56,109.19,88.1,62.8,29388.348,410.6812185578536,8816.5044,81.76,,
"Albany, NY",United States,Americas,52107,1117,43.6,71.49,129.75,100.4,74.8,29388.348,411.0833403273186,8816.5044,94.0,,
Liverpool,United Kingdom,Europe,52107,843,45.0,71.39,90.09,76.1,51.6,28658.85,401.4406779661017,8597.655,69.95,53.416667,-3.0
Nottingham,United Kingdom,Europe,52107,861,45.0,71.34,91.62,77.0,52.5,28658.85,401.7220353238016,8597.655,70.86,52.966667,-1.166667
Antwerp,Belgium,Europe,69377,831,52.9,71.33,90.25,73.0,51.7,32676.567,458.10412168792936,9802.9701,67.67,51.216667,4.416667
Bristol,United Kingdom,Europe,52107,1302,45.0,71.32,84.81,72.9,48.5,28658.85,401.8346887268649,8597.655,66.79,51.45,-2.583333
Tampere,Finland,Europe,69377,817,51.3,71.19,91.43,74.3,52.4,33786.599,474.5975417895773,10135.9797,68.84,61.5,23.75
Portsmouth,United Kingdom,Europe,52107,983,45.0,71.16,85.02,73.0,48.7,28658.85,402.7381956155144,8597.655,66.93,53.733333,-2.15
Bonn,Germany,Europe,77916,997,47.5,71.08,95.72,78.4,54.9,40905.9,575.4909960607766,12271.77,72.54,50.733333,7.1
Marseille,France,Europe,58703,768,55.4,71.05,95.31,75.0,54.7,26181.538000000004,368.4945531315975,7854.461400000001,69.94,49.575785,1.954912
Rome,Italy,Europe,44828,1198,47.2,71.0,51.33,51.9,29.0,23669.184,333.3687887323944,7100.7552000000005,46.18,41.9,12.483333
Tauranga,New Zealand,Oceania,74813,838,39.0,70.87,84.35,75.0,48.3,45635.93,643.9386200084662,13690.779,68.33,-37.686111,176.166667
Florence,Italy,Europe,44828,890,47.2,70.81,53.36,53.1,30.2,23669.184,334.26329614461235,7100.7552000000005,47.39,43.766667,11.25
Plymouth,United Kingdom,Europe,52107,792,45.0,70.7,84.01,72.4,48.1,28658.85,405.3585572842999,8597.655,66.33,50.396389,-4.138611
"Detroit, MI",United States,Americas,52107,1180,43.6,70.68,110.05,88.6,63.3,29388.348,415.7943972835314,8816.5044,82.27,,
"Reno, NV",United States,Americas,52107,1512,43.6,70.67,96.91,80.7,55.6,29388.348,415.8532333380501,8816.5044,74.43,,
Oulu,Finland,Europe,69377,665,51.3,70.62,101.06,80.1,58.0,33786.599,478.4281931464175,10135.9797,74.58,65.016667,25.466667
Montreal,Canada,Americas,83902,1005,53.5,70.6,89.93,72.6,51.5,39014.43,552.6123229461757,11704.329,67.3,45.5,-73.583333
Salzburg,Austria,Europe,74713,1035,55.0,70.53,77.81,64.7,44.5,33620.85,476.6886431305827,10086.255,59.64,47.8,13.033333
London,Canada,Americas,83902,1177,53.5,70.49,100.36,78.8,57.6,39014.43,553.4746772591858,11704.329,73.51,42.983333,-81.25
Brampton,Canada,Americas,83902,1261,53.5,70.44,103.49,80.7,59.4,39014.43,553.8675468483816,11704.329,75.37,43.683333000000005,-79.766667
"Fort Worth, TX",United States,Americas,52107,1301,43.6,70.42,112.62,90.1,64.8,29388.348,417.32956546435673,8816.5044,83.79,,
"Durham, NC",United States,Americas,52107,1355,43.6,70.37,104.76,85.4,60.2,29388.348,417.6260906636351,8816.5044,79.11,,
Winnipeg,Canada,Americas,83902,881,53.5,70.33,101.59,79.6,58.3,39014.43,554.7338262476895,11704.329,74.25,49.883333,-97.166667
"Ann Arbor, MI",United States,Americas,52107,1545,43.6,70.28,159.99,118.6,92.4,29388.348,418.1608992601024,8816.5044,112.03,,
"Greensboro, NC",United States,Americas,52107,1212,43.6,70.27,92.73,78.2,53.2,29388.348,418.22040700156543,8816.5044,71.95,,
San Juan,Puerto Rico,Other,52107,1040,45.0,70.14,66.7,62.0,38.0,28658.85,408.5949529512404,8597.655,56.01,,
"Charlotte, NC",United States,Americas,52107,1656,43.6,70.06,144.88,109.5,83.6,29388.348,419.4739937196688,8816.5044,103.02,,
Norwich,United Kingdom,Europe,52107,865,45.0,70.06,79.66,69.8,45.5,28658.85,409.0615186982587,8597.655,63.72,52.63333299999999,1.3
Gent,Belgium,Europe,69377,879,52.9,69.97,77.4,65.3,44.2,32676.567,467.00824639131054,9802.9701,60.02,51.05,3.716667
Exeter,United Kingdom,Europe,52107,1029,45.0,69.9,93.92,78.4,53.9,28658.85,409.9978540772533,8597.655,72.25,50.7,-3.5333330000000003
Dortmund,Germany,Europe,77916,681,47.5,69.89,105.62,84.4,60.7,40905.9,585.2897410216054,12271.77,78.46,51.516667,7.45
"Long Beach, CA",United States,Americas,52107,1840,43.6,69.87,110.03,88.6,63.3,29388.348,420.6146844139116,8816.5044,82.26,,
Bologna,Italy,Europe,44828,853,47.2,69.79,58.89,56.5,33.4,23669.184,339.1486459378134,7100.7552000000005,50.7,44.483333,11.333333
North Vancouver,Canada,Americas,83902,1785,53.5,69.79,110.05,84.6,63.3,39014.43,559.0260782347041,11704.329,79.29,49.316667,-123.066667
Kelowna,Canada,Americas,83902,1342,53.5,69.73,77.45,65.1,44.3,39014.43,559.5070988096945,11704.329,59.89,49.9,-119.483333
"Columbus, OH",United States,Americas,52107,1192,43.6,69.7,151.29,113.3,87.3,29388.348,421.6405738880918,8816.5044,106.82,,
Brescia,Italy,Europe,44828,598,47.2,69.64,69.1,62.6,39.4,23669.184,339.87914991384264,7100.7552000000005,56.79,45.55,10.25
"Eugene, OR",United States,Americas,52107,1214,43.6,69.64,88.21,75.5,50.5,29388.348,422.0038483630098,8816.5044,69.24,,
Macao,Macao,Other,52107,1322,45.0,69.61,67.31,62.4,38.3,28658.85,411.7059330555955,8597.655,56.37,,
Cologne,Germany,Europe,77916,999,47.5,69.59,89.1,74.5,51.1,40905.9,587.8129041528955,12271.77,68.63,50.933333000000005,6.95
"Jacksonville, FL",United States,Americas,52107,1139,43.6,69.51,144.3,109.1,83.3,29388.348,422.7930945187743,8816.5044,102.67,,
Regina,Canada,Americas,83902,859,53.5,69.44,104.02,81.0,59.8,39014.43,561.84375,11704.329,75.71,50.45,-104.616667
"Phoenix, AZ",United States,Americas,52107,1412,43.6,69.37,135.94,104.1,78.4,29388.348,423.646360098025,8816.5044,97.69,,
"Des Moines, IA",United States,Americas,52107,967,43.6,69.33,108.35,87.6,62.3,29388.348,423.89078321073134,8816.5044,81.26,,
Quebec City,Canada,Americas,83902,691,53.5,68.99,87.22,70.9,50.0,39014.43,565.5084794897812,11704.329,65.69,,
"Fresno, CA",United States,Americas,52107,1095,43.6,68.97,116.4,92.4,67.0,29388.348,426.1033492822967,8816.5044,86.05,,
Berlin,Germany,Europe,77916,1243,47.5,68.94,105.86,84.5,60.8,40905.9,593.355091383812,12271.77,78.58,54.033333,10.45
Cardiff,United Kingdom,Europe,52107,954,45.0,68.91,106.17,85.7,61.0,28658.85,415.8881149325208,8597.655,79.53,51.5,-3.2
Windsor,Canada,Americas,83902,1002,53.5,68.88,58.02,53.4,32.9,39014.43,566.4115853658537,11704.329,48.28,48.95,-55.666667
Glasgow,United Kingdom,Europe,52107,928,45.0,68.76,96.42,79.9,55.3,28658.85,416.79537521815007,8597.655,73.73,55.833333,-4.25
Kitchener,Canada,Americas,83902,1154,53.5,68.7,73.85,62.9,42.2,39014.43,567.8956331877729,11704.329,57.73,49.15,-116.333333
"Vancouver, WA",United States,Americas,52107,1400,43.6,68.57,126.09,98.2,72.6,29388.348,428.5890039375821,8816.5044,91.81,,
Kingston,Canada,Americas,83902,1063,53.5,68.57,75.42,63.9,43.1,39014.43,568.9722910893978,11704.329,58.68,46.633333,-64.866667
Augsburg,Germany,Europe,77916,834,47.5,68.51,79.93,69.0,45.7,40905.9,597.0792585024084,12271.77,63.15,48.366667,10.883333
Stuttgart,Germany,Europe,77916,1136,47.5,68.38,109.02,86.4,62.7,40905.9,598.2143901725651,12271.77,80.48,48.766667,9.183333
Vienna,Austria,Europe,74713,1116,55.0,68.36,79.56,65.7,45.5,33620.85,491.8205090696313,10086.255,60.67,48.2,16.366667
Mannheim,Germany,Europe,77916,733,47.5,68.35,95.07,78.0,54.5,40905.9,598.4769568397952,12271.77,72.15,49.488333,8.464722
"Las Vegas, NV",United States,Americas,52107,1230,43.6,68.34,124.83,97.5,71.9,29388.348,430.0314310798947,8816.5044,91.08,,
"Boise, ID",United States,Americas,52107,1394,43.6,68.29,82.63,72.1,47.3,29388.348,430.34628788988135,8816.5044,65.92,,
Dusseldorf,Germany,Europe,77916,1045,47.5,68.28,109.99,87.0,63.2,40905.9,599.0905096660808,12271.77,81.05,,
"Raleigh, NC",United States,Americas,52107,1333,43.6,68.2,144.12,109.0,83.2,29388.348,430.9141935483871,8816.5044,102.57,,
Pisa,Italy,Europe,44828,720,47.2,68.17,52.1,52.4,29.5,23669.184,347.2082147572246,7100.7552000000005,46.66,43.716667,10.383333
"Spokane, WA",United States,Americas,52107,1130,43.6,68.11,112.36,90.0,64.6,29388.348,431.4836000587285,8816.5044,83.64,,
"Orlando, FL",United States,Americas,52107,1477,43.6,68.1,123.32,96.6,71.0,29388.348,431.54696035242296,8816.5044,90.18,,
"Dayton, OH",United States,Americas,52107,899,43.6,68.03,79.21,70.1,45.3,29388.348,431.9910039688373,8816.5044,63.89,,
Verona,Italy,Europe,44828,687,47.2,67.98,63.11,59.0,35.9,23669.184,348.178640776699,7100.7552000000005,53.22,45.45,11.0
"Dallas, TX",United States,Americas,52107,1615,43.6,67.85,170.66,125.0,98.6,29388.348,433.13703758290353,8816.5044,118.38,,
"Richmond, VA",United States,Americas,52107,1208,43.6,67.75,130.94,101.1,75.5,29388.348,433.77635424354247,8816.5044,94.71,,
"Louisville, KY",United States,Americas,52107,1038,43.6,67.71,109.65,88.4,63.0,29388.348,434.0326096588393,8816.5044,82.03,,
Southampton,United Kingdom,Europe,52107,1043,45.0,67.59,98.44,81.1,56.5,28658.85,424.0102086107413,8597.655,74.93,50.9,-1.4
Leeds,United Kingdom,Europe,52107,981,45.0,67.57,88.49,75.1,50.7,28658.85,424.1357111144,8597.655,69.0,51.233333,0.616667
Treviso,Italy,Europe,44828,677,47.2,67.54,61.95,58.3,35.2,23669.184,350.44690553745926,7100.7552000000005,52.52,45.666667,12.245
"Madison, WI",United States,Americas,52107,1248,43.6,67.32,132.13,101.8,76.2,29388.348,436.5470588235295,8816.5044,95.42,,
Birmingham,United Kingdom,Europe,52107,1066,45.0,67.25,81.78,71.1,46.8,28658.85,426.1539033457249,8597.655,65.01,52.466667,-1.916667
"Indianapolis, IN",United States,Americas,52107,1163,43.6,67.14,121.53,95.5,70.0,29388.348,437.7174262734584,8816.5044,89.11,,
Hanover,Germany,Europe,77916,870,47.5,67.04,95.57,78.3,54.8,40905.9,610.1715393794749,12271.77,72.45,52.366667,9.716667
Nuremberg,Germany,Europe,77916,818,47.5,66.97,115.65,90.4,66.5,40905.9,610.8093176048977,12271.77,84.42,49.447778,11.068333
Hamilton,Canada,Americas,83902,1159,53.5,66.95,86.35,70.4,49.4,39014.43,582.7398058252427,11704.329,65.16,43.25,-79.833333
Coventry,United Kingdom,Europe,52107,931,45.0,66.94,108.7,87.2,62.5,28658.85,428.1274275470571,8597.655,81.03,52.416667,-1.55
Newcastle upon Tyne,United Kingdom,Europe,52107,828,45.0,66.86,97.66,80.6,56.0,28658.85,428.639694884834,8597.655,74.45,54.98805600000001,-1.619444
"Saint Louis, MO",United States,Americas,52107,1049,43.6,66.83,123.2,96.5,71.0,29388.348,439.7478377973964,8816.5044,90.12,,
Ulm,Germany,Europe,77916,925,47.5,66.67,107.39,85.4,61.7,40905.9,613.5578221088946,12271.77,79.49,48.4,10.0
Stoke-on-Trent,United Kingdom,Europe,52107,564,45.0,66.58,97.94,80.8,56.2,28658.85,430.44232502252936,8597.655,74.63,53.0,-2.183333
"Austin, TX",United States,Americas,52107,1857,43.6,66.5,158.21,117.5,91.4,29388.348,441.930045112782,8816.5044,110.97,,
Dundee,United Kingdom,Europe,52107,749,45.0,66.46,82.43,71.5,47.2,28658.85,431.2195305446886,8597.655,65.4,56.5,-2.966667
Saarbrucken,Germany,Europe,77916,722,47.5,66.3,85.4,72.2,48.9,40905.9,616.9819004524887,12271.77,66.39,,
"Kansas City, MO",United States,Americas,52107,1079,43.6,66.07,127.2,98.9,73.3,29388.348,444.80623581050406,8816.5044,92.49,,
Cagliari,Italy,Europe,44828,596,47.2,66.06,57.68,55.7,32.7,23669.184,358.29827429609446,7100.7552000000005,49.96,39.216667,9.116667
Karlsruhe,Germany,Europe,77916,895,47.5,65.88,103.03,82.8,59.2,40905.9,620.9153005464482,12271.77,76.91,49.004722,8.385833
Sheffield,United Kingdom,Europe,52107,867,45.0,65.88,89.07,75.4,51.0,28658.85,435.0159380692168,8597.655,69.32,53.36666700000001,-1.5
Taipei,Taiwan,Asia,37105,793,45.0,65.8,59.33,57.6,33.7,20407.75,310.14817629179333,6122.325,51.62,,
Belfast,United Kingdom,Europe,52107,841,45.0,65.74,91.62,77.0,52.5,28658.85,435.942348646182,8597.655,70.86,54.583333,-5.933333
"Chattanooga, TN",United States,Americas,52107,1199,43.6,65.69,91.7,77.6,52.6,29388.348,447.3793271426397,8816.5044,71.34,,
Darmstadt,Germany,Europe,77916,893,47.5,65.48,108.54,86.1,62.4,40905.9,624.7083078802688,12271.77,80.19,49.870556,8.649444
Limassol,Cyprus,Other,85387,961,45.0,65.26,55.84,55.5,31.6,46962.850000000006,719.6268771069568,14088.855,49.53,,
Turin,Italy,Europe,44828,709,47.2,65.19,67.23,61.5,38.3,23669.184,363.0799815922688,7100.7552000000005,55.68,45.05,7.666666999999999
St.Catharines,Canada,Americas,83902,1052,53.5,65.18,71.18,61.3,40.6,39014.43,598.5644369438478,11704.329,56.13,,
Best,Netherlands,Europe,74713,905,49.5,65.13,97.21,78.5,55.8,37730.065,579.3039306003378,11319.0195,72.84,51.504884,5.392854
"Toledo, OH",United States,Americas,52107,738,43.6,64.99,90.45,76.8,51.8,29388.348,452.1979996922604,8816.5044,70.56,,
"Salt Lake City, UT",United States,Americas,52107,1363,43.6,64.95,140.61,106.9,81.1,29388.348,452.4764896073903,8816.5044,100.46,,
"Oklahoma City, OK",United States,Americas,52107,1025,43.6,64.94,127.95,99.3,73.7,29388.348,452.5461656914075,8816.5044,92.92,,
Padova,Italy,Europe,44828,709,47.2,64.93,66.62,61.1,37.9,23669.184,364.5338672416448,7100.7552000000005,55.3,45.416667,11.883333
Leicester,United Kingdom,Europe,52107,803,45.0,64.91,92.59,77.6,53.1,28658.85,441.5167154521646,8597.655,71.45,52.63333299999999,-1.133333
Freiburg im Breisgau,Germany,Europe,77916,1143,47.5,64.65,94.46,77.7,54.2,40905.9,632.7285382830626,12271.77,71.81,48.0,7.85
Erlangen,Germany,Europe,77916,800,47.5,64.54,131.75,100.0,75.9,40905.9,633.8069414316702,12271.77,94.0,49.589722,11.003889
Nicosia,Cyprus,Other,85387,623,45.0,64.53,60.28,58.2,34.2,46962.850000000006,727.7677049434373,14088.855,52.18,,
"Cincinnati, OH",United States,Americas,52107,1280,43.6,64.39,125.17,97.7,72.1,29388.348,456.4116788321168,8816.5044,91.28,,
"Tucson, AZ",United States,Americas,52107,891,43.6,64.34,83.69,72.8,47.9,29388.348,456.7663661796705,8816.5044,66.56,,
Dubai,United Arab Emirates,Middle East,52107,1419,45.0,64.32,101.11,82.7,58.1,28658.85,445.5666977611941,8597.655,76.53,25.258172,55.304717
"Houston, TX",United States,Americas,52107,1397,43.6,63.94,172.98,126.3,100.0,29388.348,459.6238348451674,8816.5044,119.75,,
Bilbao,Spain,Europe,58703,866,45.0,63.81,65.48,61.3,37.3,32286.65,505.9810374549444,9685.995,55.29,43.260919,-2.938764
Bournemouth,United Kingdom,Europe,52107,1055,45.0,63.73,76.52,67.9,43.7,28658.85,449.69166797426647,8597.655,61.86,50.716667,-1.883333
"Mesa, AZ",United States,Americas,52107,1062,43.6,63.66,103.42,84.6,59.4,29388.348,461.6454288407164,8816.5044,78.31,,
Essen,Germany,Europe,77916,676,47.5,63.61,81.89,70.1,46.8,40905.9,643.0734161295394,12271.77,64.29,52.7,7.916666999999999
"Albuquerque, NM",United States,Americas,52107,1092,43.6,63.44,122.44,96.0,70.5,29388.348,463.2463430012611,8816.5044,89.64,,
Aberdeen,United Kingdom,Europe,52107,743,45.0,63.4,102.02,83.2,58.6,28658.85,452.0323343848581,8597.655,77.06,57.13333299999999,-2.1
"Lexington, KY",United States,Americas,52107,942,43.6,62.92,102.4,84.0,58.8,29388.348,467.0748251748252,8816.5044,77.7,,
Doha,Qatar,Middle East,42422,1584,45.0,62.9,89.93,76.0,51.5,23332.1,370.939586645469,6999.63,69.85,,
Leipzig,Germany,Europe,77916,750,47.5,62.83,79.8,68.9,45.6,40905.9,651.0568199904504,12271.77,63.06,51.3,12.333333
"San Antonio, TX",United States,Americas,52107,1232,43.6,62.59,137.67,105.2,79.4,29388.348,469.53743409490335,8816.5044,98.73,,
Bari,Italy,Europe,44828,584,47.2,62.59,64.98,60.1,37.0,23669.184,378.1623901581722,7100.7552000000005,54.33,41.133333,16.85
Dresden,Germany,Europe,77916,683,47.5,62.46,109.14,86.5,62.7,40905.9,654.9135446685879,12271.77,80.54,51.05,13.75
"Tulsa, OK",United States,Americas,52107,931,43.6,62.35,132.05,101.8,76.1,29388.348,471.3447955092221,8816.5044,95.37,,
Naples,Italy,Europe,44828,688,47.2,62.35,56.2,54.8,31.9,23669.184,379.618027265437,7100.7552000000005,49.09,40.833333,14.25
"Memphis, TN",United States,Americas,52107,1124,43.6,62.29,109.95,88.5,63.2,29388.348,471.7988120083481,8816.5044,82.19,,
Bremen,Germany,Europe,77916,767,47.5,62.24,77.06,67.2,44.0,40905.9,657.228470437018,12271.77,61.42,47.733333,9.933333
"Akron, OH",United States,Americas,52107,737,43.6,62.2,102.89,84.3,59.1,29388.348,472.4814790996784,8816.5044,78.0,,
Kingston upon Hull,United Kingdom,Europe,52107,702,45.0,62.07,86.57,73.9,49.6,28658.85,461.7182213629773,8597.655,67.85,53.716667,-0.333333
Aachen,Germany,Europe,77916,700,47.5,61.81,116.48,90.9,67.0,40905.9,661.8006795016987,12271.77,84.92,50.770833,6.105278
Kaohsiung,Taiwan,Asia,37105,512,45.0,61.4,55.49,55.3,31.4,20407.75,332.3737785016287,6122.325,49.32,,
Regensburg,Germany,Europe,77916,887,47.5,61.36,103.28,83.0,59.3,40905.9,666.6541720990874,12271.77,77.06,49.015,12.095556
Barcelona,Spain,Europe,58703,985,45.0,61.15,70.83,64.5,40.4,32286.65,527.9910057236305,9685.995,58.47,41.398371,2.1741
"Little Rock, AR",United States,Americas,52107,824,43.6,59.26,131.07,101.2,75.5,29388.348,495.9221734728316,8816.5044,94.78,,
Port of Spain,Trinidad And Tobago,Other,52107,619,45.0,59.2,40.68,46.4,22.8,28658.85,484.10219594594594,8597.655,40.5,,
Madrid,Spain,Europe,58703,1029,45.0,59.01,74.83,66.9,42.7,32286.65,547.1386205727844,9685.995,60.85,40.408566,-3.69222
Palma de Mallorca,Spain,Europe,58703,931,45.0,58.97,63.24,59.9,36.0,32286.65,547.5097507207055,9685.995,53.95,39.574337,2.655222
Athens,Greece,Europe,42267,577,44.0,58.97,40.03,46.4,22.4,23669.52,401.3823978294048,7100.856,40.41,37.9833333,23.7333333
"Wichita, KS",United States,Americas,52107,781,43.6,58.92,119.24,94.1,68.6,29388.348,498.7839103869654,8816.5044,87.73,,
Patras,Greece,Europe,42267,328,44.0,58.74,37.37,44.8,20.9,23669.52,402.9540347293156,7100.856,38.84,38.2444444,21.7344444
Thessaloniki,Greece,Europe,42267,438,44.0,58.4,37.91,45.1,21.2,23669.52,405.3,7100.856,39.15,,
Palermo,Italy,Europe,44828,474,47.2,57.97,58.89,56.5,33.4,23669.184,408.30056925996206,7100.7552000000005,50.7,38.116667,13.366667
Abu Dhabi,United Arab Emirates,Middle East,52107,2956,45.0,57.89,75.22,67.1,43.0,28658.85,495.057004664018,8597.655,61.09,24.466667,54.36666700000001
Larnaca,Cyprus,Other,85387,636,45.0,57.38,55.32,55.2,31.3,46962.850000000006,818.4532938306031,14088.855,49.22,,
Catania,Italy,Europe,44828,564,47.2,57.35,54.62,53.9,30.9,23669.184,412.71462946817786,7100.7552000000005,48.15,37.5,15.1
Male,Maldives,Other,22632,962,45.0,57.26,28.52,39.1,15.7,12447.6,217.3873559203633,3734.28,33.26,,
Ljubljana,Slovenia,Europe,53366,757,45.0,57.18,60.19,58.1,34.2,29351.300000000003,513.3140958377055,8805.390000000001,52.13,46.0552778,14.514444400000002
Heraklion,Greece,Europe,42267,491,44.0,57.08,36.04,44.0,20.1,23669.52,414.67274001401546,7100.856,38.04,35.325,25.1305556
"El Paso, TX",United States,Americas,52107,746,43.6,55.92,118.77,93.8,68.4,29388.348,525.5427038626609,8816.5044,87.46,,
Havana,Cuba,Other,19320,554,45.0,55.91,1.62,23.0,0.0,10626.0,190.05544625290648,3187.8,17.24,,
Tallinn,Estonia,Europe,64040,620,20.0,55.75,64.89,70.9,36.9,51232.0,918.9596412556052,15369.6,62.42,59.4338889,24.7280556
Zaragoza (Saragossa),Spain,Europe,58703,581,45.0,54.8,69.32,63.6,39.5,32286.65,589.1724452554745,9685.995,57.57,,
Panama City,Panama,Other,45264,845,45.0,54.54,32.31,41.4,17.9,24895.2,456.45764576457645,7468.559999999999,35.52,,
Manama,Bahrain,Other,68301,907,45.0,54.3,62.59,59.6,35.6,37565.55,691.8149171270719,11269.665,53.58,,
Shanghai,China,Asia,38443,1432,45.0,53.9,53.0,53.8,30.0,21143.65,392.2755102040817,6343.095,47.85,29.329547,121.058037
Riyadh,Saudi Arabia,Middle East,44758,525,45.0,53.85,92.73,77.6,53.2,24616.9,457.13834726090994,7385.07,71.52,,
Tartu,Estonia,Europe,64040,488,20.0,53.79,60.53,68.3,34.4,51232.0,952.444692321993,15369.6,59.83,58.366111100000005,26.7361111
Vigo,Spain,Europe,58703,561,45.0,53.43,74.98,67.0,42.8,32286.65,604.2794310312559,9685.995,60.94,43.563902,-6.628236
Seville (Sevilla),Spain,Europe,58703,675,45.0,53.28,71.04,64.6,40.5,32286.65,605.9806681681682,9685.995,58.59,,
Valencia,Spain,Europe,58703,723,45.0,52.97,70.04,64.0,39.9,32286.65,609.5270908061167,9685.995,57.99,42.402505,-7.075914999999999
Paphos,Cyprus,Other,85387,526,45.0,52.86,61.21,58.7,34.8,46962.850000000006,888.4383276579646,14088.855,52.74,,
Makati,Philippines,Other,21000,921,45.0,52.72,20.57,34.3,11.1,11550.000000000002,219.08194233687408,3465.0000000000005,28.52,,
Ajman,United Arab Emirates,Middle East,52107,899,45.0,52.58,48.26,51.0,27.2,28658.85,545.0523012552302,8597.655,45.03,,
Jeddah (Jiddah),Saudi Arabia,Middle East,44758,357,45.0,52.57,76.08,67.6,43.5,24616.9,468.2689747003995,7385.07,61.6,,
Malaga,Spain,Europe,58703,840,45.0,52.52,65.84,61.5,37.5,32286.65,614.7496191926884,9685.995,55.5,,
Amman,Jordan,Other,28807,342,45.0,52.18,29.51,39.7,16.3,15843.850000000002,303.6383671904945,4753.155000000001,33.85,,
Granada,Spain,Europe,58703,516,45.0,52.03,81.61,71.0,46.7,32286.65,620.53911205074,9685.995,64.91,37.178354,-3.5992010000000003
Montevideo,Uruguay,Other,54986,487,45.0,52.0,30.79,40.5,17.0,30242.300000000003,581.5826923076924,9072.69,34.61,,
Prague,Czech Republic,Europe,60286,838,23.0,51.78,71.96,74.0,41.0,46420.22,896.4893781382773,13926.066,65.74,50.083333,14.466667
Murcia,Spain,Europe,58703,517,45.0,51.73,78.54,69.1,44.9,32286.65,624.1378310458149,9685.995,63.06,37.987041,-1.130042
Lisbon,Portugal,Europe,58703,1011,53.0,51.7,48.26,47.8,27.2,27590.41,533.6636363636363,8277.123,42.63,38.716667,-9.133333
Maribor,Slovenia,Europe,53366,461,45.0,51.64,68.02,62.8,38.7,29351.300000000003,568.383036405887,8805.390000000001,56.78,46.5547222,15.6466667
Split,Croatia,Europe,48030,506,45.0,51.59,42.48,47.5,23.8,26416.500000000004,512.046908315565,7924.950000000001,41.57,43.5138889,16.455833300000002
Kingston,Jamaica,Other,89053,593,45.0,51.57,26.11,37.7,14.3,48979.15,949.7605196819856,14693.745,31.83,,
Riga,Latvia,Europe,48030,475,31.2,51.54,52.82,59.2,29.9,33044.64,641.1455180442375,9913.392,51.88,56.95,24.1
Alicante,Spain,Europe,58703,639,45.0,51.47,79.93,70.0,45.7,32286.65,627.2906547503401,9685.995,63.9,38.34619,-0.487722
Muscat,Oman,Other,358924,597,45.0,51.24,86.53,73.9,49.6,197408.2,3852.619047619048,59222.46,67.83,,
Shenzhen,China,Asia,38443,904,45.0,51.08,68.96,63.4,39.3,21143.65,413.9320673453407,6343.095,57.36,29.415912,121.339707
Santa Cruz de Tenerife,Spain,Europe,58703,632,45.0,50.92,63.82,60.3,36.3,32286.65,634.0661822466615,9685.995,54.3,28.460238,-16.280616000000002
Dakar,Senegal,Other,21158,751,45.0,50.87,23.14,35.9,12.6,11636.9,228.7576174562611,3491.07,30.07,,
Cascais,Portugal,Europe,58703,1237,53.0,50.86,41.22,43.5,23.1,27590.41,542.4775855289029,8277.123,38.42,38.69745,-9.423141
Las Palmas de Gran Canaria,Spain,Europe,58703,754,45.0,50.52,56.7,56.0,32.1,32286.65,639.0865003958828,9685.995,50.04,28.099727,-15.413429999999998
Addis Ababa,Ethiopia,Other,33120,562,45.0,50.49,9.83,27.9,4.8,18216.0,360.78431372549016,5464.8,22.12,,
Bangkok,Thailand,Other,38995,852,45.0,50.36,29.77,39.9,16.4,21447.25,425.8786735504369,6434.175,34.01,,
Rijeka,Croatia,Europe,48030,395,45.0,50.14,43.59,48.2,24.5,26416.500000000004,526.8548065416834,7924.950000000001,42.25,45.2238889,15.7738889
Phnom Penh,Cambodia,Other,9292,607,45.0,50.1,14.8,30.9,7.7,5110.6,102.00798403193612,1533.18,25.09,,
Zagreb,Croatia,Europe,48030,551,45.0,49.88,55.08,55.0,31.2,26416.500000000004,529.6010425020048,7924.950000000001,49.07,45.8,16.0
Beijing,China,Asia,38443,1261,45.0,49.53,53.08,53.8,30.0,21143.65,426.8857258227337,6343.095,47.87,29.346443,116.198733
Bratislava,Slovakia,Europe,53366,742,25.0,49.44,62.63,67.6,35.6,40024.5,809.5570388349515,12007.35,59.59,48.15,17.1166667
Porto,Portugal,Europe,58703,761,53.0,49.37,44.87,45.7,25.2,27590.41,558.8497062993721,8277.123,40.59,39.871429,-7.993067999999999
Brno,Czech Republic,Europe,60286,676,23.0,49.29,65.14,69.9,37.1,46420.22,941.7776425238384,13926.066,61.69,49.2,16.633333
Hangzhou,China,Asia,38443,658,45.0,49.21,64.95,61.0,37.0,21143.65,429.6616541353384,6343.095,54.98,30.29365,120.161419
Paramaribo,Suriname,Other,17192,325,45.0,49.19,16.38,31.8,8.6,9455.6,192.22606220776584,2836.68,26.01,,
Funchal,Portugal,Europe,58703,664,53.0,49.16,46.47,46.7,26.2,27590.41,561.2369812855981,8277.123,41.57,32.633333,-16.9
Sharjah,United Arab Emirates,Middle East,52107,1739,45.0,49.03,56.71,56.0,32.1,28658.85,584.5166224760351,8597.655,50.04,25.35731,55.403304000000006
Ad Dammam,Saudi Arabia,Middle East,44758,408,45.0,48.45,93.58,78.1,53.7,24616.9,508.08875128998966,7385.07,72.02,,
Olomouc,Czech Republic,Europe,60286,482,23.0,48.21,61.3,67.6,34.8,46420.22,962.8753370669986,13926.066,59.39,49.59404,17.25119
Kosice,Slovakia,Europe,53366,560,25.0,48.19,51.15,60.7,28.9,40024.5,830.5561319775887,12007.35,52.75,48.716666700000005,21.25
Kuwait City,Kuwait,Other,30684,1005,45.0,48.0,68.84,63.3,39.2,16876.2,351.58750000000003,5062.86,57.28,,
San Jose,Costa Rica,Other,63020,563,45.0,47.65,42.86,47.7,24.1,34661.0,727.408184679958,10398.3,41.81,,
Coimbra,Portugal,Europe,58703,499,53.0,47.35,53.04,50.6,30.0,27590.41,582.690813093981,8277.123,45.46,40.205642,-8.419551
Abidjan,Ivory Coast,Other,52107,635,45.0,47.06,6.27,25.8,2.7,28658.85,608.9853378665533,8597.655,20.01,,
Braga,Portugal,Europe,58703,615,53.0,46.99,46.28,46.6,26.1,27590.41,587.1549265801234,8277.123,41.46,41.550323,-8.420052
Vilnius,Lithuania,Europe,66709,619,32.0,46.94,62.14,64.5,35.3,45362.12,966.3851725607158,13608.636,57.19,54.6833333,25.3166667
Ostrava,Czech Republic,Europe,60286,437,23.0,46.47,65.17,69.9,37.1,46420.22,998.928771250269,13926.066,61.7,49.811852,18.255282
Aveiro,Portugal,Europe,58703,579,53.0,46.46,43.88,45.1,24.7,27590.41,593.8529918209213,8277.123,40.01,40.644269,-8.645535
Budapest,Hungary,Europe,47886,516,15.0,46.13,52.66,65.6,29.8,40703.1,882.3563841318014,12210.929999999998,56.65,47.5,19.083333
Suzhou,China,Asia,38443,541,45.0,45.94,58.75,57.2,33.3,21143.65,460.2448846321289,6343.095,51.25,33.636111,116.978889
Harare,Zimbabwe,Other,28520,308,45.0,45.69,17.59,32.6,9.3,15686.000000000002,343.31363536878973,4705.8,26.75,,
Leiria,Portugal,Europe,58703,498,53.0,45.67,49.68,48.6,28.0,27590.41,604.125465294504,8277.123,43.45,39.747724,-8.804995
Santiago,Chile,Other,34142,493,45.0,45.64,32.08,41.2,17.8,18778.1,411.4395267309378,5633.43,35.37,,
San Salvador,El Salvador,Other,24840,451,45.0,45.32,21.83,35.1,11.8,13662.000000000002,301.4563106796117,4098.6,29.27,,
Caracas,Venezuela,Other,52107,389,45.0,45.31,15.87,31.5,8.3,28658.85,632.5060693003752,8597.655,25.71,,
Johannesburg,South Africa,Africa,42947,512,45.0,44.87,72.15,65.3,41.2,23620.85,526.4285714285716,7086.255,59.27,-26.205171,28.049815
Kaunas,Lithuania,Europe,66709,426,32.0,44.74,64.93,66.2,36.9,45362.12,1013.9052302190432,13608.636,58.85,54.9,23.9
Santo Domingo,Dominican Republic,Other,28721,344,45.0,44.66,22.21,35.3,12.0,15796.55,353.7068965517242,4738.965,29.49,,
Guatemala City,Guatemala,Other,27447,518,45.0,44.59,24.37,36.6,13.3,15095.85,338.5478806907378,4528.755,30.79,,
Phuket,Thailand,Other,38995,528,45.0,44.34,27.28,38.4,15.0,21447.25,483.6998195760036,6434.175,32.53,,
Warsaw,Poland,Europe,60256,662,32.0,43.94,66.04,66.8,37.6,40974.08,932.5006827492034,12292.223999999998,59.51,52.25,21.0
Chengdu,China,Asia,38443,414,45.0,43.81,56.04,55.6,31.8,21143.65,482.621547591874,6343.095,49.66,26.368281,115.342894
Osijek,Croatia,Europe,48030,310,45.0,43.61,56.42,55.9,32.0,26416.500000000004,605.7440953909654,7924.950000000001,49.9,46.1333333,16.55
Quezon City,Philippines,Other,21000,354,45.0,43.26,19.69,33.8,10.5,11550.000000000002,266.990291262136,3465.0000000000005,27.98,,
Gdynia,Poland,Europe,60256,494,32.0,42.92,50.58,57.5,28.6,40974.08,954.6616961789374,12292.223999999998,50.3,54.5,18.55
Bali,Indonesia,Other,10554,525,45.0,42.87,14.1,30.5,7.3,5804.700000000001,135.40237928621417,1741.41,24.68,,
Pretoria,South Africa,Africa,42947,458,45.0,42.76,87.26,74.4,50.0,23620.85,552.405285313377,7086.255,68.28,-30.783403000000003,28.594688
Gaborone,Botswana,Other,52107,380,45.0,42.7,51.4,52.8,29.0,28658.85,671.1674473067916,8597.655,46.87,,
Nanjing,China,Asia,38443,512,45.0,42.29,72.85,65.7,41.6,21143.65,499.9680775597069,6343.095,59.68,24.686292,114.40128500000002
Sofia,Bulgaria,Europe,52106,469,45.0,42.24,55.31,55.2,31.3,28658.300000000003,678.4635416666667,8597.49,49.22,42.6833333,23.3166667
Chiang Mai,Thailand,Other,38995,409,45.0,42.22,29.88,39.9,16.5,21447.25,507.9879204168641,6434.175,34.06,,
Moscow,Russia,Other,52107,903,45.0,42.2,49.56,51.7,28.0,28658.85,679.1196682464455,8597.655,45.79,55.752222,37.615556
Pattaya,Thailand,Other,38995,450,45.0,42.13,23.25,36.0,12.6,21447.25,509.0731070496083,6434.175,30.12,,
Gdansk,Poland,Europe,60256,578,32.0,41.32,64.36,65.8,36.6,40974.08,991.628267182962,12292.223999999998,58.51,54.36085,18.658291
Krakow (Cracow),Poland,Europe,60256,572,32.0,41.3,67.1,67.5,38.2,40974.08,992.1084745762712,12292.223999999998,60.16,,
Wroclaw,Poland,Europe,60256,564,32.0,41.12,59.89,63.1,34.0,40974.08,996.4513618677042,12292.223999999998,55.84,51.1,17.033333
Guangzhou,China,Asia,38443,690,45.0,41.11,70.13,64.1,40.0,21143.65,514.3189005108246,6343.095,58.06,27.381639,114.134262
Cape Town,South Africa,Africa,42947,729,45.0,40.98,75.83,67.5,43.3,23620.85,576.3994631527576,7086.255,61.45,-33.925839,18.423218
Jakarta,Indonesia,Other,10554,530,45.0,40.86,25.32,37.2,13.8,5804.700000000001,142.0631424375918,1741.41,31.35,,
Pecs,Hungary,Europe,47886,391,15.0,40.83,47.23,62.3,26.6,40703.1,996.8919911829536,12210.929999999998,53.39,,
Manila,Philippines,Other,21000,811,45.0,40.77,22.24,35.3,12.0,11550.000000000002,283.2965415746873,3465.0000000000005,29.5,,
Poznan,Poland,Europe,60256,480,32.0,40.72,58.32,62.2,33.1,40974.08,1006.2396856581532,12292.223999999998,54.92,51.677088,22.303075
Quito,Ecuador,Other,27600,406,45.0,40.48,29.69,39.8,16.4,15180.000000000002,375.00000000000006,4554.0,33.96,,
Durban,South Africa,Africa,42947,473,45.0,40.33,73.88,66.3,42.2,23620.85,585.6893131663775,7086.255,60.29,-29.857896000000004,31.029198
Katowice,Poland,Europe,60256,455,32.0,40.26,64.03,65.6,36.4,40974.08,1017.7367113760556,12292.223999999998,58.31,50.258415,19.027545
Cluj-Napoca,Romania,Europe,58203,475,45.0,40.16,53.12,53.9,30.1,32011.65,797.1028386454184,9603.495,47.94,46.766667,23.6
Bucharest,Romania,Europe,58203,478,45.0,40.1,53.15,53.9,30.1,32011.65,798.2955112219452,9603.495,47.95,44.433333000000005,26.1
Szeged,Hungary,Europe,47886,329,15.0,40.08,49.5,63.7,27.9,40703.1,1015.5464071856288,12210.929999999998,54.75,46.25,20.166667
Belgrade,Serbia,Other,59340,447,45.0,40.05,36.05,43.6,20.1,32637.000000000004,814.9063670411987,9791.1,37.74,44.818611,20.468056
Debrecen,Hungary,Europe,47886,348,15.0,40.03,49.86,63.9,28.2,40703.1,1016.8148888333748,12210.929999999998,54.98,47.533333,21.633333
Petaling Jaya,Malaysia,Other,18860,447,45.0,39.98,60.88,58.5,34.6,10373.0,259.45472736368185,3111.9,52.54,,
Marrakech,Morocco,Other,23060,395,45.0,39.94,29.96,40.0,16.5,12683.000000000002,317.5513269904858,3804.900000000001,34.11,,
Podgorica,Montenegro,Other,39443,372,45.0,39.34,35.98,43.6,20.1,21693.65,551.4400101677682,6508.095,37.72,,
Szczecin,Poland,Europe,60256,495,32.0,39.31,51.05,57.8,28.8,40974.08,1042.332230984482,12292.223999999998,50.56,51.91848,19.711486
Kota Kinabalu,Malaysia,Other,18860,318,45.0,39.25,39.43,45.7,22.1,10373.0,264.28025477707007,3111.9,39.78,,
Kuala Lumpur,Malaysia,Other,18860,455,45.0,39.25,64.04,60.4,36.4,10373.0,264.28025477707007,3111.9,54.41,,
Varna,Bulgaria,Europe,52106,268,45.0,39.14,46.29,49.8,26.1,28658.300000000003,732.1997956055187,8597.49,43.86,43.216666700000005,27.9166667
Suva,Fiji,Other,52107,605,45.0,39.04,44.68,48.8,25.1,28658.85,734.0893954918033,8597.655,42.88,,
Cebu,Philippines,Other,21000,423,45.0,39.04,17.64,32.6,9.3,11550.000000000002,295.85040983606564,3465.0000000000005,26.77,,
Ho Chi Minh City,Vietnam,Other,52107,575,45.0,39.01,30.87,40.5,17.1,28658.85,734.6539348884902,8597.655,34.66,,
Cancun,Mexico,Americas,33899,494,35.0,38.85,38.24,48.9,21.4,22034.35,567.1647361647362,6610.305,42.05,,
Accra,Ghana,Other,13875,645,45.0,38.74,21.12,34.7,11.4,7631.250000000001,196.98631905007744,2289.375,28.86,,
Tirana,Albania,Other,39010,365,45.0,38.68,31.15,40.7,17.2,21455.5,554.6923474663909,6436.65,34.82,,
Guayaquil,Ecuador,Other,27600,375,45.0,38.57,31.41,40.8,17.4,15180.000000000002,393.5701322271196,4554.0,34.97,,
Monterrey,Mexico,Americas,33899,494,35.0,38.46,42.98,51.8,24.1,22034.35,572.9160166406657,6610.305,44.87,32.548056,-115.070556
Plovdiv,Bulgaria,Europe,52106,304,45.0,38.42,45.56,49.3,25.6,28658.300000000003,745.9213951067153,8597.49,43.39,42.15,24.75
Sarajevo,Bosnia And Herzegovina,Other,52107,298,45.0,38.42,43.73,48.2,24.6,28658.85,745.9357105674128,8597.655,42.32,,
Lublin,Poland,Europe,60256,447,32.0,38.04,60.2,63.3,34.2,40974.08,1077.1314405888538,12292.223999999998,56.04,51.25,22.566667
Erbil (Irbil),Iraq,Other,16560,404,45.0,38.03,39.88,45.9,22.3,9108.0,239.49513541940573,2732.4,40.01,,
Santa Cruz,Bolivia,Other,17281,374,45.0,38.01,32.91,41.7,18.3,9504.55,250.05393317548013,2851.365,35.87,,
Isfahan (Esfahan),Iran,Other,52107,555,45.0,37.98,22.77,35.7,12.3,28658.85,754.5774091627173,8597.655,29.83,,
Lodz,Poland,Europe,60256,449,32.0,37.94,57.76,61.9,32.8,40974.08,1079.970479704797,12292.223999999998,54.6,51.75,19.466667
Saint Petersburg,Russia,Other,52107,552,45.0,37.81,40.77,46.5,22.8,28658.85,757.9701137265274,8597.655,40.56,59.89444399999999,30.264167
Banja Luka,Bosnia And Herzegovina,Other,52107,255,45.0,37.61,38.29,45.0,21.4,28658.85,762.0007976601968,8597.655,39.09,,
Penang,Malaysia,Other,18860,300,45.0,37.61,65.85,61.5,37.5,10373.0,275.80430736506247,3111.9,55.5,,
La Paz,Bolivia,Other,17281,350,45.0,37.53,34.57,42.7,19.2,9504.55,253.25206501465496,2851.365,36.85,,
Sao Paulo,Brazil,Americas,30983,467,45.0,37.51,29.23,39.5,16.1,17040.65,454.2961876832845,5112.195000000001,33.67,,
Novi Sad,Serbia,Other,59340,332,45.0,37.44,42.73,47.6,24.0,32637.000000000004,871.7147435897438,9791.1,41.72,45.251667,19.836944
Mexico City,Mexico,Americas,33899,674,35.0,37.41,36.74,48.0,20.5,22034.35,588.996257685111,6610.305,41.15,,
Lagos,Nigeria,Other,9200,1993,45.0,37.33,8.3,27.0,3.9,5060.0,135.54781676935443,1518.0,21.21,,
Constanta,Romania,Europe,58203,362,45.0,37.26,45.4,49.2,25.5,32011.65,859.1425120772948,9603.495,43.3,44.183333000000005,28.65
Iasi,Romania,Europe,58203,355,45.0,37.13,44.06,48.4,24.8,32011.65,862.1505521141934,9603.495,42.52,45.766667,24.933333
Hanoi,Vietnam,Other,52107,393,45.0,36.85,30.67,40.4,17.0,28658.85,777.7164179104478,8597.655,34.55,,
Tangier,Morocco,Other,23060,330,45.0,36.85,33.16,41.9,18.4,12683.000000000002,344.179104477612,3804.900000000001,36.02,,
Brasilia,Brazil,Americas,30983,357,45.0,36.84,43.54,48.1,24.5,17040.65,462.5583604777416,5112.195000000001,42.21,,
Burgas,Bulgaria,Europe,52106,260,45.0,36.82,42.39,47.4,23.8,28658.300000000003,778.335143943509,8597.49,41.52,42.5,27.4666667
Baguio,Philippines,Other,21000,304,45.0,36.74,18.71,33.2,10.0,11550.000000000002,314.37125748503,3465.0000000000005,27.41,,
Rio de Janeiro,Brazil,Americas,30983,371,45.0,36.67,18.93,33.4,10.1,17040.65,464.7027542950641,5112.195000000001,27.55,-22.9,-43.233333
Brasov,Romania,Europe,58203,392,45.0,36.63,44.65,48.8,25.1,32011.65,873.9189189189188,9603.495,42.87,45.633333,25.583333
Casablanca,Morocco,Other,23060,434,45.0,36.59,34.07,42.4,18.9,12683.000000000002,346.624760863624,3804.900000000001,36.55,,
Damascus,Syria,Other,52107,289,45.0,36.38,5.03,25.0,2.0,28658.85,787.763881253436,8597.655,19.26,,
Sibiu,Romania,Europe,58203,308,45.0,36.19,48.27,51.0,27.2,32011.65,884.5440729483283,9603.495,45.03,45.8,24.15
Timisoara,Romania,Europe,58203,362,45.0,36.16,54.26,54.6,30.7,32011.65,885.2779314159293,9603.495,48.6,45.749444,21.227222
Kampala,Uganda,Other,9108,370,45.0,35.98,9.83,27.9,4.8,5009.400000000001,139.22734852695945,1502.8200000000002,22.12,,
Nairobi,Kenya,Other,24567,437,45.0,35.88,29.23,39.5,16.1,13511.85,376.5844481605351,4053.555,33.67,,
Merida,Mexico,Americas,33899,373,35.0,35.7,33.5,46.1,18.6,22034.35,617.2086834733893,6610.305,39.23,,
Rabat,Morocco,Other,23060,463,45.0,35.67,34.67,42.8,19.3,12683.000000000002,355.564900476591,3804.900000000001,36.93,,
"Qingdao, Shandong",China,Asia,38443,419,45.0,35.48,74.04,66.4,42.3,21143.65,595.9315107102594,6343.095,60.39,,
Queretaro,Mexico,Americas,33899,364,35.0,35.4,51.02,56.6,28.8,22034.35,622.4392655367233,6610.305,49.66,,
Bandung,Indonesia,Other,10554,232,45.0,35.39,21.84,35.1,11.8,5804.700000000001,164.02090986154283,1741.41,29.28,,
Oradea,Romania,Europe,58203,255,45.0,35.35,49.45,51.7,27.9,32011.65,905.5629420084864,9603.495,45.73,47.066667,21.933333
Buenos Aires,Argentina,Americas,40480,346,45.0,35.25,26.89,38.1,14.7,22264.0,631.6028368794326,6679.2,32.27,-34.5875,-58.6725
Dhaka,Bangladesh,Other,9033,200,45.0,35.12,23.81,36.3,12.9,4968.150000000001,141.4621298405467,1490.4450000000002,30.44,,
Skopje,North Macedonia,Other,52107,260,45.0,34.9,37.02,44.2,20.7,28658.85,821.1704871060173,8597.655,38.33,,
Ulaanbaatar,Mongolia,Other,27376,358,45.0,34.86,25.02,37.0,13.7,15056.8,431.92197360872063,4517.04,31.18,,
Craiova,Romania,Europe,58203,277,45.0,34.85,52.91,53.7,29.9,32011.65,918.5552367288378,9603.495,47.77,46.583333,21.966667
Agadir,Morocco,Other,23060,230,45.0,34.81,31.37,40.8,17.4,12683.000000000002,364.34932490663607,3804.900000000001,34.96,,
Baghdad,Iraq,Other,16560,397,45.0,34.81,39.03,45.4,21.8,9108.0,261.6489514507325,2732.4,39.51,,
Surabaya,Indonesia,Other,10554,332,45.0,34.65,23.63,36.2,12.8,5804.700000000001,167.52380952380955,1741.41,30.34,,
Lima,Peru,Other,28452,468,45.0,34.6,28.89,39.3,15.9,15648.6,452.271676300578,4694.58,33.47,,
Arad,Romania,Europe,58203,202,45.0,34.49,50.96,52.6,28.8,32011.65,928.1429399826036,9603.495,46.64,46.183333000000005,21.316667
Florianopolis,Brazil,Americas,30983,312,45.0,34.39,29.31,39.6,16.2,17040.65,495.51177667926726,5112.195000000001,33.74,,
Cuenca,Ecuador,Other,27600,388,45.0,34.21,30.84,40.5,17.1,15180.000000000002,443.72990353697753,4554.0,34.65,,
Kiev (Kyiv),Ukraine,Other,37484,581,45.0,34.11,48.16,50.9,27.2,20616.2,604.4034007622398,6184.86,44.97,,
Gurgaon,India,Asia,22457,316,45.0,34.1,74.9,66.9,42.8,12351.35,362.2096774193548,3705.405,60.9,28.466667,77.033333
Guadalajara,Mexico,Americas,33899,540,35.0,34.05,35.99,47.6,20.1,22034.35,647.1174743024965,6610.305,40.72,32.544167,-114.864722
Kazan,Russia,Other,52107,415,45.0,34.02,33.45,42.1,18.6,28658.85,842.4118165784832,8597.655,36.21,57.87662099999999,48.510303
Yerevan,Armenia,Other,33120,383,45.0,34.01,29.73,39.8,16.4,18216.0,535.6071743604822,5464.8,33.97,,
Dar es Salaam,Tanzania,Other,52107,534,45.0,33.97,13.54,30.1,7.0,28658.85,843.6517515454814,8597.655,24.34,,
Nizhny Novgorod,Russia,Other,52107,319,45.0,33.89,34.95,43.0,19.5,28658.85,845.6432575981116,8597.655,37.11,,
Colombo,Sri Lanka,Other,18384,446,45.0,33.62,18.58,33.1,9.9,10111.2,300.7495538370018,3033.36,27.32,,
Lusaka,Zambia,Other,20682,328,45.0,33.57,37.48,44.5,20.9,11375.1,338.8471849865952,3412.53,38.59,,
Nis,Serbia,Other,59340,234,45.0,33.4,40.38,46.2,22.6,32637.000000000004,977.1556886227546,9791.1,40.31,43.324722,21.903333
Yekaterinburg,Russia,Other,52107,351,45.0,33.23,57.77,56.7,32.8,28658.85,862.4390610893772,8597.655,50.71,56.8519,60.6122
Minsk,Belarus,Other,45264,389,45.0,32.79,31.15,40.7,17.2,24895.2,759.2314730100641,7468.559999999999,34.82,,
Krasnodar,Russia,Other,52107,315,45.0,32.65,36.59,44.0,20.4,28658.85,877.759571209801,8597.655,38.08,45.0488,38.9725
Mashhad,Iran,Other,52107,602,45.0,32.54,22.68,35.6,12.3,28658.85,880.7267977873388,8597.655,29.78,,
Belo Horizonte,Brazil,Americas,30983,254,45.0,32.5,20.99,34.6,11.3,17040.65,524.3276923076924,5112.195000000001,28.77,-9.45,-37.266667
Cairo,Egypt,Other,12880,239,45.0,32.39,24.38,36.6,13.3,7084.000000000001,218.70947823402287,2125.2000000000003,30.79,,
Porto Alegre,Brazil,Americas,30983,286,45.0,32.33,31.24,40.7,17.3,17040.65,527.0847510052583,5112.195000000001,34.87,-5.903055999999999,-64.395556
Kigali,Rwanda,Other,21063,516,45.0,32.27,26.37,37.8,14.4,11584.65,358.99132321041213,3475.3950000000004,31.96,,
Novosibirsk,Russia,Other,52107,321,45.0,32.26,38.35,45.0,21.4,28658.85,888.3710477371359,8597.655,39.11,55.0415,82.9346
Rostov-na-donu,Russia,Other,52107,280,45.0,32.1,36.94,44.2,20.6,28658.85,892.7990654205607,8597.655,38.28,,
Odessa (Odesa),Ukraine,Other,37484,346,45.0,31.94,32.72,41.6,18.1,20616.2,645.4664996869129,6184.86,35.74,,
Chisinau,Moldova,Other,36568,335,45.0,31.82,34.38,42.6,19.1,20112.4,632.0678818353238,6033.72,36.74,,
Curitiba,Brazil,Americas,30983,245,45.0,31.81,32.28,41.4,17.9,17040.65,535.7010374096196,5112.195000000001,35.51,-25.416667,-49.25
Baku,Azerbaijan,Other,30083,305,45.0,31.6,28.03,38.8,15.4,16545.65,523.5965189873418,4963.695000000001,32.96,,
Tehran,Iran,Other,52107,734,45.0,31.47,14.55,30.7,7.5,28658.85,910.672068636797,8597.655,24.91,,
Istanbul,Turkey,Other,39023,321,40.8,31.14,28.73,40.9,15.8,23101.616,741.8630700064226,6930.4848,34.63,41.018611,28.964722
Tbilisi,Georgia,Other,55072,330,45.0,30.95,29.47,39.7,16.3,30289.6,978.6623586429728,9086.88,33.84,,
Yogyakarta,Indonesia,Other,10554,315,45.0,30.8,12.16,29.3,6.2,5804.700000000001,188.4642857142857,1741.41,23.52,,
Asuncion,Paraguay,Other,24216,332,45.0,30.62,27.38,38.4,15.0,13318.8,434.97060744611366,3995.64,32.56,,
Kharkiv,Ukraine,Other,37484,374,45.0,30.46,33.98,42.4,18.9,20616.2,676.8286277084701,6184.86,36.52,49.980814,36.252718
Astana (Nur-Sultan),Kazakhstan,Other,28243,324,45.0,30.3,41.0,46.6,23.0,15533.65,512.6617161716172,4660.095,40.7,,
Chandigarh,India,Asia,22457,202,45.0,30.27,46.47,49.9,26.2,12351.35,408.0393128510076,3705.405,43.97,30.7343,76.7933
Almaty,Kazakhstan,Other,28243,385,45.0,30.22,33.55,42.1,18.6,15533.65,514.018861681006,4660.095,36.24,,
Tunis,Tunisia,Other,19485,208,45.0,29.94,24.2,36.5,13.2,10716.75,357.94088176352705,3215.025,30.68,,
Kathmandu,Nepal,Other,10035,154,45.0,29.87,23.16,35.9,12.6,5519.25,184.77569467693337,1655.775,30.07,,
Algiers,Algeria,Other,15126,215,45.0,29.84,21.78,35.1,11.8,8319.300000000001,278.79691689008047,2495.7900000000004,29.26,,
Lviv,Ukraine,Other,37484,339,45.0,29.67,38.3,45.0,21.4,20616.2,694.8500168520391,6184.86,39.09,49.840661,24.030451
Tashkent,Uzbekistan,Other,14835,343,45.0,29.36,22.63,35.6,12.3,8159.250000000001,277.9036103542235,2447.775,29.76,,
Mumbai,India,Asia,22457,635,45.0,29.33,48.03,50.8,27.1,12351.35,421.1166041595636,3705.405,44.88,18.975,72.82583299999999
Dnipro,Ukraine,Other,37484,338,45.0,29.26,32.74,41.6,18.2,20616.2,704.5864661654135,6184.86,35.77,,
Noida,India,Asia,22457,205,45.0,29.21,62.57,59.5,35.6,12351.35,422.8466278671688,3705.405,53.55,,
Medellin,Colombia,Americas,36742,305,45.0,28.81,32.78,41.7,18.2,20208.1,701.4265879902813,6062.43,35.81,,
Alexandria,Egypt,Other,12880,214,45.0,28.43,20.28,34.2,10.9,7084.000000000001,249.17340837143863,2125.2000000000003,28.36,,
Barranquilla,Colombia,Americas,36742,250,45.0,28.42,27.03,38.2,14.8,20208.1,711.0520760028149,6062.43,32.36,,
Navi Mumbai,India,Asia,22457,351,45.0,28.38,78.67,69.2,45.0,12351.35,435.21317829457365,3705.405,63.15,,
Izmir,Turkey,Other,39023,206,40.8,28.37,35.18,44.8,19.6,23101.616,814.2973563623547,6930.4848,38.49,38.412726,27.138376
Delhi,India,Asia,22457,272,45.0,28.23,60.44,58.3,34.3,12351.35,437.52568189868936,3705.405,52.28,28.666667,77.216667
Bangalore,India,Asia,22457,277,45.0,28.2,102.64,83.6,59.0,12351.35,437.9911347517731,3705.405,77.44,12.983333,77.583333
Bogota,Colombia,Americas,36742,374,45.0,27.94,26.1,37.7,14.3,20208.1,723.2677165354331,6062.43,31.83,,
Goa,India,Asia,22457,273,45.0,27.72,36.29,43.8,20.2,12351.35,445.57539682539687,3705.405,37.89,15.4,73.8
Pune,India,Asia,22457,229,45.0,27.57,53.68,54.2,30.4,12351.35,447.9996372869061,3705.405,48.25,18.533333,73.866667
Ghaziabad,India,Asia,22457,169,45.0,27.55,54.56,54.7,30.9,12351.35,448.3248638838476,3705.405,48.77,28.666667,77.43333299999999
Thane,India,Asia,22457,266,45.0,27.53,66.14,61.7,37.7,12351.35,448.65056302215766,3705.405,55.69,19.2,72.966667
Ranchi,India,Asia,22457,135,45.0,27.33,38.61,45.2,21.6,12351.35,451.9337724112697,3705.405,39.28,23.35,85.333333
Ankara,Turkey,Other,39023,203,40.8,27.17,39.07,47.1,21.9,23101.616,850.261906514538,6930.4848,40.81,39.911652,32.840305
Hyderabad,India,Asia,22457,208,45.0,26.61,51.21,52.7,28.9,12351.35,464.1619691845172,3705.405,46.76,17.375278,78.47444399999999
Faridabad,India,Asia,22457,174,45.0,26.56,51.07,52.6,28.9,12351.35,465.0357680722892,3705.405,46.7,17.359167000000003,78.298333
Bishkek,Kyrgyzstan,Other,12651,269,45.0,26.55,23.06,35.8,12.5,6958.05,262.0734463276836,2087.415,29.99,,
Pristina,Kosovo (Disputed Territory),Other,52107,291,45.0,26.15,47.48,50.5,26.8,28658.85,1095.940726577438,8597.655,44.57,,
Chennai,India,Asia,22457,218,45.0,26.08,46.31,49.8,26.1,12351.35,473.5947085889571,3705.405,43.87,13.083333,80.283333
Ahmedabad,India,Asia,22457,191,45.0,26.01,39.11,45.5,21.9,12351.35,474.8692810457516,3705.405,39.58,23.033333,72.616667
Kolkata,India,Asia,22457,179,45.0,25.99,44.66,48.8,25.1,12351.35,475.2347056560216,3705.405,42.87,22.569722,88.369722
Cali,Colombia,Americas,36742,225,45.0,25.78,31.08,40.6,17.2,20208.1,783.8673390224981,6062.43,34.77,,
Guwahati,India,Asia,22457,137,45.0,25.61,39.6,45.8,22.2,12351.35,482.28621632174935,3705.405,39.88,26.183333,91.733333
Lucknow (Lakhnau),India,Asia,22457,161,45.0,25.42,48.19,50.9,27.2,12351.35,485.8910306845004,3705.405,44.98,,
Madurai,India,Asia,22457,122,45.0,25.38,32.82,41.7,18.2,12351.35,486.656816390859,3705.405,35.82,9.933333,78.116667
Surat,India,Asia,22457,229,45.0,25.34,41.98,47.2,23.6,12351.35,487.4250197316496,3705.405,41.29,20.966667,72.9
Vadodara,India,Asia,22457,144,45.0,25.32,46.1,49.7,26.0,12351.35,487.8100315955766,3705.405,43.75,22.3,73.2
Vijayawada,India,Asia,22457,171,45.0,24.95,37.17,44.3,20.7,12351.35,495.0440881763527,3705.405,38.4,16.516667,80.616667
Ludhiana,India,Asia,22457,119,45.0,24.92,35.75,43.4,19.9,12351.35,495.64004815409305,3705.405,37.55,30.9,75.85
"Cyberjaya, Selangor",Malaysia,Other,18860,223,45.0,24.85,128.47,99.1,74.0,10373.0,417.42454728370217,3111.9,92.82,,
Raipur,India,Asia,22457,143,45.0,24.81,63.17,59.9,35.9,12351.35,497.8375654977832,3705.405,53.9,26.134914,89.854973
Dehradun,India,Asia,22457,162,45.0,24.75,40.36,46.2,22.6,12351.35,499.0444444444445,3705.405,40.31,,
Nashik,India,Asia,22457,153,45.0,24.6,35.31,43.2,19.7,12351.35,502.0873983739837,3705.405,37.32,,
Indore,India,Asia,22457,148,45.0,24.5,40.0,46.0,22.4,12351.35,504.1367346938776,3705.405,40.1,22.716667,75.833333
Rajkot,India,Asia,22457,144,45.0,24.47,44.8,48.9,25.2,12351.35,504.7548017981202,3705.405,42.96,22.3,70.783333
Nagpur,India,Asia,22457,143,45.0,24.39,42.48,47.5,23.8,12351.35,506.410414104141,3705.405,41.57,17.8625,78.886111
Ernakulam,India,Asia,22457,187,45.0,24.04,46.52,49.9,26.2,12351.35,513.7832778702164,3705.405,43.98,9.983333,76.283333
Visakhapatnam,India,Asia,22457,174,45.0,24.03,42.7,47.6,24.0,12351.35,513.9970869746151,3705.405,41.71,17.7,83.3
Jaipur,India,Asia,22457,162,45.0,23.97,51.5,52.9,29.1,12351.35,515.2836879432624,3705.405,46.95,24.9,93.066667
Patna,India,Asia,22457,111,45.0,23.97,36.78,44.1,20.5,12351.35,515.2836879432624,3705.405,38.18,12.766667,74.866667
Mangalore,India,Asia,22457,147,45.0,23.73,47.91,50.7,27.0,12351.35,520.4951538137379,3705.405,44.8,12.863889,74.835278
Bucaramanga,Colombia,Americas,36742,191,45.0,23.7,30.42,40.3,16.8,20208.1,852.6624472573841,6062.43,34.4,,
Coimbatore,India,Asia,22457,156,45.0,23.45,40.73,46.4,22.8,12351.35,526.7100213219617,3705.405,40.52,10.9925,76.961389
Bhopal,India,Asia,22457,115,45.0,23.35,45.78,49.5,25.8,12351.35,528.9657387580299,3705.405,43.56,23.266667,77.4
Bhubaneswar,India,Asia,22457,144,45.0,23.34,54.15,54.5,30.7,12351.35,529.1923736075407,3705.405,48.55,20.233333,85.833333
Mysore,India,Asia,22457,158,45.0,23.16,46.46,49.9,26.2,12351.35,533.3052677029361,3705.405,43.96,12.307222,76.649722
Kochi,India,Asia,22457,203,45.0,22.9,59.47,57.7,33.8,12351.35,539.3602620087337,3705.405,51.72,9.966667,76.233333
Agra,India,Asia,22457,96,45.0,22.81,27.91,38.7,15.3,12351.35,541.48838228847,3705.405,32.87,23.933333,77.55
Jammu,India,Asia,22457,95,45.0,22.04,58.35,57.0,33.1,12351.35,560.4060798548095,3705.405,51.03,31.241389,77.03666700000001
Thiruvananthapuram,India,Asia,22457,143,45.0,21.75,73.73,66.2,42.1,12351.35,567.8781609195403,3705.405,60.19,8.506944,76.956944
Kozhikode (Calicut),India,Asia,22457,145,45.0,21.57,50.02,52.0,28.2,12351.35,572.6170607324989,3705.405,46.06,,
Lahore,Pakistan,Other,13569,130,45.0,21.53,24.42,36.7,13.3,7462.950000000001,346.6302833255922,2238.885,30.83,,
Islamabad,Pakistan,Other,13569,186,45.0,21.5,29.52,39.7,16.3,7462.950000000001,347.11395348837215,2238.885,33.86,,
Kabul,Afghanistan,Other,7774,102,45.0,21.35,22.79,35.7,12.4,4275.700000000001,200.26697892271665,1282.7100000000005,29.86,,
Thrissur,India,Asia,22457,125,45.0,21.28,54.43,54.7,30.8,12351.35,580.4205827067669,3705.405,48.7,10.516667,76.216667
Kanpur,India,Asia,22457,116,45.0,20.79,38.83,45.3,21.7,12351.35,594.1005291005291,3705.405,39.4,32.433333000000005,75.366667
Karachi,Pakistan,Other,13569,156,45.0,20.75,29.16,39.5,16.1,7462.950000000001,359.6602409638555,2238.885,33.65,,
Rawalpindi,Pakistan,Other,13569,154,45.0,20.52,22.91,35.7,12.4,7462.950000000001,363.6915204678363,2238.885,29.9,,
Multan,Pakistan,Other,13569,95,45.0,18.68,25.09,37.1,13.7,7462.950000000001,399.5155246252677,2238.885,31.23,,
Peshawar,Pakistan,Other,13569,76,45.0,18.55,26.0,37.6,14.2,7462.950000000001,402.31536388140165,2238.885,31.75,,
